{
  "Infra_Negative": {
    "n_events": 10,
    "n_observations": 31,
    "mean_car": -0.07545894246733346,
    "ci_low": -0.2577613113010539,
    "ci_high": 0.11285687193612474,
    "se": 0.09494485438189935,
    "p_value": 0.4308
  },
  "Infra_Positive": {
    "n_events": 6,
    "n_observations": 21,
    "mean_car": 0.0883410115048732,
    "ci_low": -0.09868583122594976,
    "ci_high": 0.27252813385116414,
    "se": 0.09672579945415585,
    "p_value": 0.3748
  },
  "Reg_Positive": {
    "n_events": 8,
    "n_observations": 31,
    "mean_car": -0.1427392756021359,
    "ci_low": -0.29824948027546827,
    "ci_high": -0.0008849950317098279,
    "se": 0.07627118022471147,
    "p_value": 0.0496
  },
  "Reg_Negative": {
    "n_events": 7,
    "n_observations": 27,
    "mean_car": -0.1111337227638316,
    "ci_low": -0.3102440009112925,
    "ci_high": 0.10691030028380646,
    "se": 0.10655126101161201,
    "p_value": 0.3148
  },
  "DiD_InfraVsReg": {
    "n_events": 17,
    "n_observations": 58,
    "mean_car": 0.035674780296498135,
    "ci_low": -0.2525800442640439,
    "ci_high": 0.3090497263289602,
    "se": 0.14287095303418898,
    "p_value": 0.8072
  }
}