{
  "analysis_date": "2026-01-29T05:45:48.695647",
  "method": "Ibragimov-Muller t-test on event-level means",
  "reference": "Ibragimov & Muller (2010) JBES",
  "infra_negative": {
    "n_events": 8,
    "event_cars": [
      -0.2025092800916529,
      0.3412243947237372,
      -0.40512670857332944,
      -0.2591787951320696,
      0.22667020199222787,
      -0.2813549086319778,
      0.15438889146625628,
      -0.20954791989793917
    ],
    "mean_car": -0.07942926551809346
  },
  "reg_negative": {
    "n_events": 7,
    "event_cars": [
      0.366329252240763,
      -0.4961909051694554,
      -0.25397756276896744,
      -0.37265722189905387,
      -0.09530637906731243,
      -0.09001709473653102,
      0.2832495958048844
    ],
    "mean_car": -0.09408147365652468
  },
  "difference_test": {
    "difference": 0.014652208138431225,
    "se": 0.15596532422470127,
    "t_statistic": 0.09394529336098835,
    "df": 11.991485174878402,
    "p_value": 0.9267040861451614,
    "ci_low": -0.3251938051890743,
    "ci_high": 0.35449822146593674,
    "significant_05": false
  }
}