{
  "analysis_date": "2026-01-29T04:48:50.991782",
  "hypothesis": "H0: mean(Infra_Neg) = mean(Reg_Neg)",
  "test_type": "exact_permutation",
  "observed_diff": 0.014652208138431225,
  "mean_a": -0.07942926551809346,
  "mean_b": -0.09408147365652468,
  "n_a": 8,
  "n_b": 7,
  "n_permutations": 6435,
  "n_extreme": "5961",
  "exact_p_value": 0.9263403263403264,
  "permutation_mean": -3.3125535466671337e-18,
  "permutation_std": 0.14875754867312138,
  "permutation_percentiles": {
    "2.5%": -0.2888417459711245,
    "5%": -0.2496109728892696,
    "25%": -0.10404242792530345,
    "50%": 0.001777900067782695,
    "75%": 0.10098519755937783,
    "95%": 0.24365950131313047,
    "97.5%": 0.28616526684766536
  }
}